[[{"location":"C:\\Program Files\\Java\\jre1.8.0_321","type":"JRE","hints":{"EXECUTION_ENVIRONMENT":"J2SE-1.5"}},"jre:jre:1.5.0"],[{"location":"C:\\Users\\lokem\\.m2\\repository\\org\\seleniumhq\\selenium\\selenium-support\\3.141.59\\selenium-support-3.141.59.jar","type":"JAR","hints":{}},"ABSENT"],[{"location":"F:\\Jagan Project\\GmailTestNg","type":"PROJECT","hints":{"PROJECT_NAME":"GmailTestNg"}},"com.gmail:GmailTestNg:0.0.1"],[{"location":"C:\\Users\\lokem\\.m2\\repository\\org\\seleniumhq\\selenium\\selenium-api\\3.141.59\\selenium-api-3.141.59.jar","type":"JAR","hints":{}},"ABSENT"]]